Dance,Book(s)
A ja po lugu,Mandy 5
Adjon Az Isten,GDRIVE; Mandy 4; Nickomo
Ahvat Hadasa,Mandy 2; Nickomo
Aide Mandalyo,Mandy 2
Ajde Jano,GDRIVE; Mandy 4; Nickomo
Ajde Mandalyo,Mandy 5
Ajde Red Se Redat Male,GDRIVE; Mandy 5; Nickomo
Ajisino Oro (Alb.),Mandy 3
Al Kol Eleh,Mandy 5
Al Sadenu,GDRIVE; Mandy 1; Mandy 4; Nickomo
Alegretat,Mandy 1; Mandy 3; Mandy 4 (Appendix)
Ali Pasha,Mandy 4; Nickomo
All Shall Be Well,GDRIVE
Alunelul,Nickomo
Ambee Dageets,GDRIVE; Mandy 4; Nickomo
An Deran Than Solde,GDRIVE; Mandy 5
Anaim Zmirot,Mandy 5
Andro,GDRIVE
Andro 1,Nickomo
Andro 2,Nickomo
Andro 3,Nickomo
Ani Le Dodi,Mandy 5
Ani Ma'amin,Mandy 2; Mandy 5
Ani More (Albania),Mandy 4
Aptalikos,GDRIVE; Nickomo
Arap (Nevemo),GDRIVE
Arku – Dantza,Mandy 5
Arnautsko Horo,Mandy 5
Aspen Tree Dance,Mandy 1
At Va Ani,Mandy 1; Mandy 3
Atahualpa,GDRIVE; Mandy 2
Autumn Gold (Modern),Mandy 4
Azucena Tika,Mandy 2; Nickomo
Balada La Mayan (Israel),Mandy 4
Balta (Rom.),Mandy 2
Banish Misfortune,GDRIVE; Nickomo
Bapardes,Mandy 1; Mandy 5
Bat Ha Carmel,Mandy 3; Mandy 4 (Appendix)
Bavno Oro,Mandy 1
Begrussungstanz,Mandy 5
Bells of Norwich,GDRIVE; Mandy 5; Nickomo
Bilati,Nickomo
Birch Tree Dance,Mandy 1
Biserka Bojarka,GDRIVE; Mandy 3
Biserka Bojarka/Bojarka Medley,Mandy 5
Bitolski Romsko (Romany),Mandy 4
Blessing Nigun (Klezmer),Mandy 4
Bojarka,Mandy 1; Nickomo
Bosnian Village Dance,Mandy 5
Bouree,Nickomo
Bracno Oro,Mandy 3; Mandy 5
Branle de l'Anneau,Mandy 1; Mandy 5
Bucimis,Mandy 1
Bufchansko,GDRIVE; Mandy 3; Nickomo
By The Quiet Stream,GDRIVE; Mandy 2
Byala Rosa,GDRIVE
Calum's Road,Mandy 5
Caravan in the Desert,GDRIVE
Cariad Pur (Welsh),Mandy 2
Carolan's Leprechaun,Mandy 2
Ceresna,Nickomo
Chekassia Kfula,Nickomo
Chiaroscuro (Feron),Mandy 2
Chiotikos,GDRIVE; Mandy 2; Mandy 5; Nickomo
Circle Round,GDRIVE
Coals to Newcastle,Mandy 5
Cobankat,GDRIVE
Condor (S. Amer.),Mandy 2
Copper Key,Mandy 5
Cor Tanc (Hun.),Mandy 2
Crna Gorka,Mandy 1; Nickomo
Crystal Clear,Mandy 5
Dagh Gorani,GDRIVE
Dance from Leros (Gr.),Mandy 2
Dance of the souls,GDRIVE
Dance Of Zalongou (Greece),Mandy 4
Dandelion,GDRIVE; Nickomo
Dans Dro,Nickomo
Dans Klem,Nickomo
Dans Vanietais,Mandy 2; Mandy 4 (Appendix)
Dark Spiral (Ray Price),Mandy 2
Daronee,GDRIVE; Nickomo
David Melech Israel,Mandy 5; Nickomo
Dear Father,GDRIVE
Debka Dror,Mandy 1
Devojce Tenko I Visoko (Bul.),Mandy 3
Devojko Mari Hubava,GDRIVE
Devushky Padruzenky (Russia),Mandy 4
Di Goldene Pave,GDRIVE
Dimna Juda,Nickomo
"DJelem, DJelem",GDRIVE
Dobra Nevesto,GDRIVE; Mandy 1; Nickomo
Dobrudjzhanski-Buenek,GDRIVE
Dobrudzanska Raka,Mandy 1
Dodili,GDRIVE; Mandy 1; Mandy 4 (Appendix)
Dolencias,Nickomo
Dospatsko Horo,Mandy 2; Mandy 4 (Appendix); Nickomo
Dragaicuita,Nickomo
Dro Retourne (Brittany),Mandy 4
Dudalas (Hun.),Mandy 2
Duna,GDRIVE
Durme Drume,GDRIVE
Echav Hasman (Is.),Mandy 2
Ederlezi (Sao Roma),GDRIVE
Eench Eemanee,Mandy 1; Mandy 4 (Appendix)
Ekisliisko Choro (Bul.),Mandy 2
El Ginat Ergoz (Is.),Mandy 3
El Ginat Ergoz (Israel),Mandy 4 (Appendix)
Elm Dance. (KA MAN KLAJAS),GDRIVE
Elves of the Valley,Mandy 1
Ena Karavi Apo Ti,GDRIVE
Enas Mythos,Mandy 4; Nickomo
Enino Horo,GDRIVE
Eno sagrado en Vigo,GDRIVE
Epifaniya,Nickomo
Eretz Eretz (Israel),Mandy 4
Eretz Israel Yafa,Mandy 5
Erev Ba,Mandy 1; Mandy 4; Mandy 5; Nickomo
Erev Shel Shoshanim,GDRIVE; Mandy 5; Nickomo
Erzroomi Shoror,GDRIVE; Mandy 1
Ever Flowing Spring (Blowzabella),Mandy 2
Faithful Moon,Mandy 5
Fern Hill,Nickomo
Flatbush Waltz,GDRIVE; Mandy 3
Four Seasons,GDRIVE; Mandy 4
Free Spirit (Bob Minney),Mandy 3
Freylach,GDRIVE; Nickomo
Ga Agu'im (Israel : Moshiko Halevy),Mandy 4 (Appendix)
Ga-Agu'im (Is.),Mandy 3
Galibante (Bob Minney),Mandy 2
Galician Processional,Mandy 2
Garabneri Bar (Armenia),Mandy 4
Garden Of Al Zindik (Sephardic),Mandy 4
Garland Of Stars,Mandy 3
Garoon,Mandy 1
Gavotte,Mandy 1
Gentle Tsamikos (Gr.),Mandy 2
Give Us Peace,GDRIVE
"Giving & Receiving (""Kareve Yom"")",Mandy 2
Glava Li Ta Boli (Gradina),GDRIVE
God rest ye merry gentle men,GDRIVE
Gorace,GDRIVE; Mandy 1; Nickomo
Gratitude (Modern),Mandy 4
Green and Golden,Mandy 5
"Halte Mich Fest ""Pida Minusta Kiini"" From ""The Finnish Mass"" By The Group ""Hiljaisuuden Lauluja""",Mandy 3
Hanah Avaa Babanot,Mandy 4; Nickomo
Hanter Dro (Brittany),Mandy 3; Mandy 4 (Appendix)
Hanter Dro / Andro,Nickomo
Hanter Dro – 'Genette',Mandy 5
Hareshut,Mandy 1; Mandy 4 (Appendix)
Harimon,Mandy 1; Mandy 4 (Appendix)
Harsaneek,GDRIVE; Mandy 2; Nickomo
Harvest Queen,Mandy 5
Hatary Atahualpa,Nickomo
Hayar Hayarok,Mandy 1; Mandy 4 (Appendix)
Heart of the Mother,GDRIVE
Heyamo,GDRIVE; Mandy 5
Hineh Ma Tov,Mandy 5
Hodilla Mi E Bojana,Mandy 2
Homecoming (Bob Minney),Mandy 3
Hora (Rom.),Mandy 2
Hora Agadati,Mandy 2; Nickomo
Hora De La Cimpie (Romania),Mandy 4
Hora De La Langesti (Rom),Mandy 2
Hora Femeilor,Mandy 3; Mandy 5
Hora Hassidit (Is.),Mandy 2
Hora Lenta (Rom.),Mandy 2
Hora Mare,Mandy 1
Hora Medley,Nickomo
Hora Medura,Mandy 2; Mandy 5
Hora Miresei 1,GDRIVE; Mandy 5
Hora Miressei 2,Mandy 5
Hora Veche,GDRIVE; Mandy 2; Nickomo
Horses Bransle (Eng.),Mandy 3
"Hymni (See Halte Mich Fest) ""Riihikirkko-Hymni""",Mandy 3
Idam ne Idam,GDRIVE; Mandy 4
Imala Majka (Bul.),Mandy 3
Imala Majka / Karamfil (Bulgaria),Mandy 4
Imate Li Vino,Mandy 5
Inchi Mani,Nickomo
indijskicocek (Me Phirava Daje Mori),GDRIVE
Ini Vitui,GDRIVE; Nickomo
Ini Vitui – Joc Aroman,Mandy 5
Intitusuy,Mandy 1; Mandy 4 (Appendix); Nickomo
Irish Lyrical,Mandy 5
Irish Mandala,GDRIVE; Mandy 2; Nickomo
Island Syrtos,Nickomo
"Issos (""Mes Stu Aegeru"")",Mandy 2
Ivalla,GDRIVE; Nickomo
"Ivanice ""Vie Se Vie"" (Mac.)",Mandy 3
Ivanice (Macedonia),Mandy 4 (Appendix)
Iz Banju Ide,GDRIVE; Mandy 5
Izzare (Bob Minney),Mandy 3
Ja izlezi libe licno,Mandy 5
Jack in the Green,Nickomo
"Jack In The Green ""The Finnish Schottische""",Mandy 3
Jack'u,Mandy 2; Mandy 4 (Appendix); Nickomo
Javore,Mandy 5
Jerusalem Of Gold (Israel),Mandy 4
Joc Batranesc Din Niculitel,Mandy 3; Mandy 4 (Appendix)
Joc de la Scincienne,Mandy 1
Joc de Leagane,GDRIVE; Mandy 3; Nickomo
Jovano Jonake,Mandy 1; Nickomo
Kad ja Podzoh na Bembasu,Mandy 5
Kafu mi draga ispeci,Mandy 5
Kak po Logu,Mandy 1
Kak U Kluchika (Russ.),Mandy 2
Kalamatianos (Gr.),Mandy 2
"Kalamatianos (Gr.) ""Vangelio""",Mandy 3
Kalendara,Mandy 1
Kali,GDRIVE
Kangeleftos,Mandy 1; Mandy 4 (Appendix); Nickomo
Kapela,Mandy 5
Karagouna,GDRIVE; Mandy 4; Nickomo
Karamfil,Mandy 5; Nickomo
Ketri Ketri,GDRIVE; Mandy 2; Nickomo
Khumkhuma (Arm.),Mandy 2
King of the Fairies,Nickomo
Kirco Na Cardak Sedese,Mandy 5
Kirya Y'feyfiya,Mandy 2; Mandy 4 (Appendix)
Kitko Zelena,Mandy 2
Klezmer,Mandy 4 (Appendix); Nickomo
Klezmer Waltz / Halleluia (Israel),Mandy 4
Kocansko Pravo,GDRIVE
Kochav Haruach,Mandy 1
Komitas Shoro,GDRIVE
Kore,Nickomo
Kostilata,Mandy 5
Kotinskaya,GDRIVE; Nickomo
Koulsko (Bul.),Mandy 2
Koutsos (Gr.),Mandy 2
Krim Tatar,GDRIVE
Kritikos (Gr.),Mandy 2
Krivo Kuce,Mandy 1
Kuma Echa,Nickomo
Kupilemel (Is.),Mandy 2
Kvar Acharei Chatzot (Israel),Mandy 4
L'Allouette,Mandy 4; Nickomo
La Luz Del Dia,GDRIVE
Lady Gethia (Modern),Mandy 4
Laki (nawal),GDRIVE
Lalica,GDRIVE
Lamitsa,Nickomo
Laride 1,Nickomo
Laride 2,Nickomo
Lazbar (Tur.),Mandy 2
Le Roi,GDRIVE; Nickomo
Le'or Cheh u Cheh,Nickomo
Le'or Chiyuchech (Israel),Mandy 4
Legnala Dana,Mandy 1; Mandy 4; Nickomo
Lenochek,Mandy 5
Lesi,Mandy 1; Mandy 4 (Appendix)
Lesnoto,Mandy 2; Mandy 5
Liljano Mome,Mandy 5
Little Lemon Tree (Gr.),Mandy 2; Mandy 3; Mandy 4 (Appendix)
Lo Yisa Goy,GDRIVE; Nickomo
Long Dance,Mandy 5
Loorke (Arm.),Mandy 2
Love Is / Syrtos Kritikos (Greece),Mandy 4
Ludo Mlado,Mandy 5
Lugovonjka,Mandy 5
Lute Lute,GDRIVE
Ma Navu,GDRIVE; Nickomo
Ma Tann Sind,GDRIVE
Macallistrum's March,Mandy 2
Makedonsko Devojce,GDRIVE; Mandy 3; Mandy 5; Nickomo
Malishevsko Horo,GDRIVE
Mandala (Ireland),Mandy 4
Maoukas,Mandy 1
March Hare (Bob Minney),Mandy 2
Marie Marijko,GDRIVE; Nickomo
Marino Waltz.,Mandy 2
Martin,Mandy 5
Masar,GDRIVE; Mandy 3
Masarica (Rom.),Mandy 2
Mayan Lullabye,Mandy 5
Mazemenos,Nickomo
Mechol Halahat (Is.),Mandy 2
Melody Wood (Modern),Mandy 4
Menousis,Mandy 1; Nickomo
Mi Yitneni Of,Mandy 3; Mandy 4 (Appendix)
Migration (Bob Minney),Mandy 2
Milo Mou Kokkino,Nickomo
Misirlou,GDRIVE; Nickomo
Misletoe,GDRIVE
Mombar (Arm.),Mandy 2
Mori Shej,GDRIVE; Mandy 3
Morning Blessing,Mandy 5
Mystic Spiral,GDRIVE; Mandy 5
Naroynaroy,GDRIVE
Nebesko Kolo,Nickomo
NevenoMoriNeveno,GDRIVE
Nigun Atik,Mandy 3; Nickomo
Nigun Shel Yossi,Mandy 2; Mandy 4; Nickomo
Nike Dre (Gr.),Mandy 2
Non Sofre Santa Maria,Mandy 2
Nonesuch,GDRIVE; Nickomo
O Granka Granka,Mandy 1
Ocogovska,Nickomo
Od Yishama,Mandy 5
Odeno Oro,GDRIVE; Mandy 2; Nickomo
Offering Govand,GDRIVE; Nickomo
Oj Djevjko Moja (Bul.),Mandy 3
Oj Ti Pile (Macedonia),Mandy 4
Oj Tsvitjot Kalina,Mandy 1; Mandy 4 (Appendix)
Okol Pleven,Nickomo
Ola Te Melachrino,GDRIVE; Nickomo
Omal Garassari (Gr.),Mandy 3
Omrin Yeshna Eretz,Mandy 3; Mandy 4 (Appendix)
One Love,GDRIVE
Ooska Gookis,Mandy 1; Nickomo
Oro Se Vie,Nickomo
Osogovka (Macedonia),Mandy 4
Otanav (Armenia),Mandy 4
Ouro,GDRIVE; Nickomo
Over the Hills and Far Away,Mandy 5
"Paiduska (Bul.) ""Devojko Mome""",Mandy 3
Papouri (Arm.),Mandy 3
Pasito Del Marino,Mandy 2; Nickomo
Patchtanz,Nickomo
Pera Stous,Nickomo
Perastous Pera Kambous,GDRIVE; Mandy 2
Pidictos (Gr.),Mandy 3
Pig In The Kitchen (Ire.),Mandy 2
Pilgrims Dance,GDRIVE; Mandy 4; Nickomo
Plataniotikos Nero,Nickomo
Polegnala E Todora (Bul.),Mandy 3
Pomasko Sirto,GDRIVE; Mandy 5
Power Plant,GDRIVE
Pravo Horo,Mandy 2
Pravo Oro,Mandy 2
Pravo Rhodopsko Horo,Mandy 2
Pravo Trakijsko Horo,GDRIVE
Pustono Ludo,GDRIVE
Rada Pere,Nickomo
Raka,Mandy 1
Raka Horo,GDRIVE
Reminesence,GDRIVE
Rising Mandolin (Ireland),Mandy 4
Ro'eh Vero'a,Mandy 1
Rondeau Gascon (Fr.),Mandy 3
Rose Luminare,Mandy 5
Rose of Raby,GDRIVE; Mandy 1; Mandy 5; Nickomo
Rose of the Quartz,Mandy 5
Rosnalo,GDRIVE; Mandy 4
Rumelaj,GDRIVE; Mandy 1; Nickomo
Russian Lyrical,Mandy 1
Sabrali,GDRIVE
Sach'Ki Sach'Ki,Mandy 1
Sadi Moma,Mandy 5
Salty Dog Rag,Mandy 1
Samokovsko Horo,Mandy 1; Mandy 3; Mandy 4 (Appendix)
Sandansko Horo Grzkoto,GDRIVE; Mandy 5
Sandansko Oro,Mandy 1
Sano Duso,GDRIVE; Mandy 5; Nickomo
Sar Planina,GDRIVE; Nickomo
Sareni Carapi,Mandy 3; Mandy 4 (Appendix)
Se Om Fezer (Span.),Mandy 2
Season of Mists,Mandy 5
See Yona (Is.),Mandy 2
Sepastia Bar (Arm.),Mandy 2
Sephardic Lament (Spain),Mandy 4
Serenade To Spring (Modern),Mandy 4
Setnja,Mandy 5
Sfarlis,GDRIVE; Mandy 2; Mandy 4 (Appendix); Nickomo
Shalom Aleichem,Mandy 4; Nickomo
Sham Hareh Golan,Mandy 1; Mandy 5; Nickomo
Sharm el Sheikh,Mandy 5
Shatagi Shoror (Arm.),Mandy 2
Sheebeg & Sheemore,Nickomo
Sheleg al iri,Mandy 5
Shepherds Dance,GDRIVE; Mandy 4; Nickomo
Shi Geag Shi Mor,Mandy 1
Shifra Tanzt,Mandy 1; Mandy 2; Mandy 4 (Appendix); Nickomo
Shifting Sands,GDRIVE
Shir Aletz,GDRIVE; Mandy 1
Shir Hachatuna (Israel),Mandy 4
Shoror (Arm.),Mandy 2
Si Mort A Mors (Fr.),Mandy 3
Si Mort A Mors (France),Mandy 4 (Appendix)
Sirbo Din Bucovina (Rom.),Mandy 2
Sirdes,GDRIVE; Mandy 5; Nickomo
Siriul,GDRIVE; Mandy 5
Siroon Agchik,Nickomo
Sirto,GDRIVE; Mandy 1
Sisu Et Y'rushalayim (Israel),Mandy 4
Skudrinka (Mac.),Mandy 2
Skylark (Bob Minney),Mandy 4
Snake Waltz,Mandy 1
Snosti Vecer Jano Mori,Mandy 1; Mandy 2; Mandy 4 (Appendix)
Solidarity,Nickomo
Sona Yar,GDRIVE
Song Of Summer (Modern),Mandy 4
Soulful Lesnoto (Macedonia),Mandy 4
Speknerin (Playford),Mandy 2
Ssimchu Na (Is.),Mandy 3
Ssulam Ya A'Krov,Mandy 1; Mandy 4 (Appendix)
"Sta Dhio (""Yianni Mou"")",Mandy 2
Sta Dhio / Syrtos,Mandy 1
Sternenkranz (Andy Stackman),Mandy 4 (Appendix)
Stillness,Mandy 5
Stin Kentimeni Sou Podhia,Mandy 1
Sto mi e milo,GDRIVE
Sto Pergiali,GDRIVE
Sumadysko Kolo,Mandy 1; Mandy 2
Summer Fall,Mandy 5
Summit (Bob Minney),Mandy 2
Sun Spiral,Mandy 1
Sunrise,Mandy 1
Svornato,Mandy 2; Mandy 5
Svornato horo,GDRIVE
Syntazontai Avgerines (Sta Tria),GDRIVE
Syrto Dodekenisos,GDRIVE
Syrto Kalamia Syrtos Kritikos,GDRIVE; Mandy 4
Syrtos (Greece),Mandy 4
Syrtos Kritikos,Nickomo
Syrtos Pyleas,Mandy 3; Mandy 5
Tai Tai,Mandy 2; Mandy 4 (Appendix); Nickomo
Tapuach Chineni,Mandy 5
Thalassa,Mandy 1; Nickomo
The Herdsman's Dance,Mandy 2
The Ice House (Blozabella),Mandy 3
The Kelpie (Modern),Mandy 4
The Larch Tree Dance,Mandy 2
The Leavetaking (Ireland),Mandy 4
The Traveller (Bob Minney),Mandy 2
The Wanderer,Mandy 5
The Wren and St Patrick Andros,GDRIVE
The Young Herdsman's Dance,Mandy 4 (Appendix)
Through the World,Mandy 1
Tiene,GDRIVE; Nickomo
Tiflati (Is.),Mandy 3
Time And Space (S. America),Mandy 4
Tino Mori,GDRIVE; Mandy 4 (Appendix); Nickomo
To Mikro Mou,Mandy 1; Mandy 5
Touqua Mahouka,Mandy 1
Translations Of Songs,Mandy 2
Trata,Mandy 1; Mandy 5; Nickomo
Treander,Mandy 5
Trgnala Rumjana,GDRIVE; Mandy 2; Nickomo
Trioka,Mandy 1
Tsadik Katamar,Nickomo
Tsakonikos,Mandy 3; Mandy 4; Nickomo
Tsakonikos slower version,GDRIVE
Tsamikos,Mandy 5; Nickomo
Tsigane,Nickomo
Tslil Zugeem,Mandy 1
Tsur Chassadit,Mandy 1; Mandy 4 (Appendix)
Tsur Mishelo,Mandy 4; Nickomo
Tudalin Tagadin,GDRIVE
Tudoro Mehandzijko Ljo,Mandy 5
Tvojte Oci Leno Mori (Bul.),Mandy 3
Twilight (Israel),Mandy 4
Uprising (Bob Minney),Mandy 2
Uskudar,GDRIVE
Valle e Dhardes,Mandy 5
Valle Kosovare,Mandy 1; Nickomo
Valle Permatore,Mandy 2; Nickomo
Valle Pogonishte,GDRIVE
Valle Zagoristhe,GDRIVE
Vandra Waltz,Nickomo
Varnensko Horo,GDRIVE
Vasija de Barro,GDRIVE; Nickomo
Ve David,Mandy 4; Mandy 5; Nickomo
Ves Homru,Mandy 5
Vie Se Vie,Nickomo
Vigil,GDRIVE; Mandy 5
Vine and Fig Tree - Lo Ysa Goy,GDRIVE
Vranjanke,Mandy 1; Mandy 4; Mandy 5; Nickomo
Vrapceto,GDRIVE
Walenki,GDRIVE; Mandy 2; Nickomo
Waltz Of The White Lillies (Ireland),Mandy 4
Wave of Love,Mandy 1
We Are Angels,GDRIVE
Welsh Greetings,Nickomo
White Bird,GDRIVE
Wild Forgoten way,GDRIVE
Willow (Latvia / Gadalla),Mandy 4
Wind of Change,Mandy 1
Winds on the Tor,Nickomo
Winster Gallop,GDRIVE
Winter Solstice,GDRIVE
Wise Maid (Ire.),Mandy 2
Y'did Nefesh (Israel),Mandy 4
Ya Ribbon,Mandy 3; Mandy 4 (Appendix); Nickomo
Ya Salio' de le mar,GDRIVE
Yerem,GDRIVE
Yianni Mou,GDRIVE; Nickomo
Zajecarka,Nickomo
Zante (Gr.),Mandy 2
Zapevala Sojca Ptica (Serbia),Mandy 4
Zeleneye Zhito,Mandy 5
Zensko Oro,Mandy 2; Nickomo
Zeybekkio,Mandy 2
Zumbaj Zumba Ba,GDRIVE; Mandy 2; Mandy 4; Nickomo
